Register Field Name,CSV Field Name,API Field Name,HESA Alignment,Code,Label,Data Source,Academic Year,Status
Awarding Institution,Awarding Institution,institution,DEGEST,0019,Homerton College,HESA,25/26,No Change
Awarding Institution,Awarding Institution,institution,DEGEST,0020,Kent Institute of Art and Design,HESA,25/26,No Change
Awarding Institution,Awarding Institution,institution,DEGEST,0021,The University of Winchester,HESA,25/26,No Change
Awarding Institution,Awarding Institution,institution,DEGEST,0022,La Sainte Union College of HE,HESA,25/26,No Change
Awarding Institution,Awarding Institution,institution,DEGEST,0023,Liverpool Hope University,HESA,25/26,No Change
Awarding Institution,Awarding Institution,institution,DEGEST,0024,"University of the Arts, London",HESA,25/26,No Change
Awarding Institution,Awarding Institution,institution,DEGEST,0025,Loughborough College of Art and Design,HESA,25/26,No Change
Awarding Institution,Awarding Institution,institution,DEGEST,0026,University of Bedfordshire,HESA,25/26,No Change
Awarding Institution,Awarding Institution,institution,DEGEST,0027,The University of Northampton,HESA,25/26,No Change
Awarding Institution,Awarding Institution,institution,DEGEST,0028,Newman University,HESA,25/26,No Change
Awarding Institution,Awarding Institution,institution,DEGEST,0029,North Riding College Higher Education Corporation,HESA,25/26,No Change
Awarding Institution,Awarding Institution,institution,DEGEST,0030,Ravensbourne University London,HESA,25/26,No Change
Awarding Institution,Awarding Institution,institution,DEGEST,0031,Roehampton University,HESA,25/26,No Change
Awarding Institution,Awarding Institution,institution,DEGEST,0032,Rose Bruford College of Theatre and Performance,HESA,25/26,No Change
Awarding Institution,Awarding Institution,institution,DEGEST,0033,Royal Academy of Music,HESA,25/26,No Change
Awarding Institution,Awarding Institution,institution,DEGEST,0034,Royal College of Music,HESA,25/26,No Change
Awarding Institution,Awarding Institution,institution,DEGEST,0035,Royal Northern College of Music,HESA,25/26,No Change
Awarding Institution,Awarding Institution,institution,DEGEST,0036,Salford College of Technology,HESA,25/26,No Change
Awarding Institution,Awarding Institution,institution,DEGEST,0037,Solent University,HESA,25/26,No Change
Awarding Institution,Awarding Institution,institution,DEGEST,0038,University of Cumbria,HESA,25/26,No Change
Awarding Institution,Awarding Institution,institution,DEGEST,0039,"St Mary's University, Twickenham",HESA,25/26,No Change
Awarding Institution,Awarding Institution,institution,DEGEST,0040,Leeds Trinity University,HESA,25/26,No Change
Awarding Institution,Awarding Institution,institution,DEGEST,0041,Trinity Laban Conservatoire of Music and Dance,HESA,25/26,No Change
Awarding Institution,Awarding Institution,institution,DEGEST,0042,Westminster College,HESA,25/26,No Change
Awarding Institution,Awarding Institution,institution,DEGEST,0043,West London Institute of HE,HESA,25/26,No Change
Awarding Institution,Awarding Institution,institution,DEGEST,0044,"The Surrey Institute of Art and Design, University College",HESA,25/26,No Change
Awarding Institution,Awarding Institution,institution,DEGEST,0045,Winchester School of Art,HESA,25/26,No Change
Awarding Institution,Awarding Institution,institution,DEGEST,0046,University of Worcester,HESA,25/26,No Change
Awarding Institution,Awarding Institution,institution,DEGEST,0047,Anglia Ruskin University,HESA,25/26,No Change
Awarding Institution,Awarding Institution,institution,DEGEST,0048,Bath Spa University,HESA,25/26,No Change
Awarding Institution,Awarding Institution,institution,DEGEST,0049,The University of Bolton,HESA,25/26,No Change
Awarding Institution,Awarding Institution,institution,DEGEST,0050,Bournemouth University,HESA,25/26,No Change
Awarding Institution,Awarding Institution,institution,DEGEST,0051,The University of Brighton,HESA,25/26,No Change
Awarding Institution,Awarding Institution,institution,DEGEST,0052,Birmingham City University,HESA,25/26,No Change
Awarding Institution,Awarding Institution,institution,DEGEST,0053,The University of Central Lancashire,HESA,25/26,No Change
Awarding Institution,Awarding Institution,institution,DEGEST,0054,University of Gloucestershire,HESA,25/26,No Change
Awarding Institution,Awarding Institution,institution,DEGEST,0055,London Guildhall University,HESA,25/26,No Change
Awarding Institution,Awarding Institution,institution,DEGEST,0056,Coventry University,HESA,25/26,No Change
Awarding Institution,Awarding Institution,institution,DEGEST,0057,University of Derby,HESA,25/26,No Change
Awarding Institution,Awarding Institution,institution,DEGEST,0058,The University of East London,HESA,25/26,No Change
Awarding Institution,Awarding Institution,institution,DEGEST,0059,The University of Greenwich,HESA,25/26,No Change
Awarding Institution,Awarding Institution,institution,DEGEST,0060,University of Hertfordshire,HESA,25/26,No Change
Awarding Institution,Awarding Institution,institution,DEGEST,0061,The University of Huddersfield,HESA,25/26,No Change
Awarding Institution,Awarding Institution,institution,DEGEST,0062,The University of Lincoln,HESA,25/26,No Change
Awarding Institution,Awarding Institution,institution,DEGEST,0063,Kingston University,HESA,25/26,No Change
Awarding Institution,Awarding Institution,institution,DEGEST,0064,Leeds Beckett University,HESA,25/26,No Change
Awarding Institution,Awarding Institution,institution,DEGEST,0065,Liverpool John Moores University,HESA,25/26,No Change
Awarding Institution,Awarding Institution,institution,DEGEST,0066,The Manchester Metropolitan University,HESA,25/26,No Change
Awarding Institution,Awarding Institution,institution,DEGEST,0067,Middlesex University,HESA,25/26,No Change
Awarding Institution,Awarding Institution,institution,DEGEST,0068,De Montfort University,HESA,25/26,No Change
Awarding Institution,Awarding Institution,institution,DEGEST,0069,University of Northumbria at Newcastle,HESA,25/26,No Change
Awarding Institution,Awarding Institution,institution,DEGEST,0070,The University of North London,HESA,25/26,No Change
Awarding Institution,Awarding Institution,institution,DEGEST,0071,The Nottingham Trent University,HESA,25/26,No Change
Awarding Institution,Awarding Institution,institution,DEGEST,0072,Oxford Brookes University,HESA,25/26,No Change
Awarding Institution,Awarding Institution,institution,DEGEST,0073,University of Plymouth,HESA,25/26,No Change
Awarding Institution,Awarding Institution,institution,DEGEST,0074,The University of Portsmouth,HESA,25/26,No Change
Awarding Institution,Awarding Institution,institution,DEGEST,0075,Sheffield Hallam University,HESA,25/26,No Change
Awarding Institution,Awarding Institution,institution,DEGEST,0076,London South Bank University,HESA,25/26,No Change
Awarding Institution,Awarding Institution,institution,DEGEST,0077,Staffordshire University,HESA,25/26,No Change
Awarding Institution,Awarding Institution,institution,DEGEST,0078,The University of Sunderland,HESA,25/26,No Change
Awarding Institution,Awarding Institution,institution,DEGEST,0079,Teesside University,HESA,25/26,No Change
Awarding Institution,Awarding Institution,institution,DEGEST,0080,The University of West London,HESA,25/26,No Change
Awarding Institution,Awarding Institution,institution,DEGEST,0081,"University of the West of England, Bristol",HESA,25/26,No Change
Awarding Institution,Awarding Institution,institution,DEGEST,0082,The University of Chichester,HESA,25/26,No Change
Awarding Institution,Awarding Institution,institution,DEGEST,0083,The University of Westminster,HESA,25/26,No Change
Awarding Institution,Awarding Institution,institution,DEGEST,0084,Wimbledon School of Art,HESA,25/26,No Change
Awarding Institution,Awarding Institution,institution,DEGEST,0085,The University of Wolverhampton,HESA,25/26,No Change
Awarding Institution,Awarding Institution,institution,DEGEST,0086,"The University of Wales, Newport",HESA,25/26,No Change
Awarding Institution,Awarding Institution,institution,DEGEST,0087,Glynd?r University,HESA,25/26,No Change
Awarding Institution,Awarding Institution,institution,DEGEST,0088,Coleg Normal,HESA,25/26,No Change
Awarding Institution,Awarding Institution,institution,DEGEST,0089,Cardiff Metropolitan University,HESA,25/26,No Change
Awarding Institution,Awarding Institution,institution,DEGEST,0090,University of South Wales,HESA,25/26,No Change
Awarding Institution,Awarding Institution,institution,DEGEST,0091,Swansea Metropolitan University,HESA,25/26,No Change
Awarding Institution,Awarding Institution,institution,DEGEST,0092,Trinity University College,HESA,25/26,No Change
Awarding Institution,Awarding Institution,institution,DEGEST,0095,Abertay University,HESA,25/26,No Change
Awarding Institution,Awarding Institution,institution,DEGEST,0096,Edinburgh College of Art,HESA,25/26,No Change
Awarding Institution,Awarding Institution,institution,DEGEST,0097,Glasgow School of Art,HESA,25/26,No Change
Awarding Institution,Awarding Institution,institution,DEGEST,0098,Moray House Institute of Education,HESA,25/26,No Change
Awarding Institution,Awarding Institution,institution,DEGEST,0099,Northern College of Education,HESA,25/26,No Change
Awarding Institution,Awarding Institution,institution,DEGEST,0100,"Queen Margaret University, Edinburgh",HESA,25/26,No Change
Awarding Institution,Awarding Institution,institution,DEGEST,0101,Royal Conservatoire of Scotland,HESA,25/26,No Change
Awarding Institution,Awarding Institution,institution,DEGEST,0102,St Andrew's College of Education,HESA,25/26,No Change
Awarding Institution,Awarding Institution,institution,DEGEST,0103,The Scottish College of Textiles,HESA,25/26,No Change
Awarding Institution,Awarding Institution,institution,DEGEST,0104,Robert Gordon University,HESA,25/26,No Change
Awarding Institution,Awarding Institution,institution,DEGEST,0105,The University of the West of Scotland,HESA,25/26,No Change
Awarding Institution,Awarding Institution,institution,DEGEST,0106,Glasgow Caledonian University,HESA,25/26,No Change
Awarding Institution,Awarding Institution,institution,DEGEST,0107,Edinburgh Napier University,HESA,25/26,No Change
Awarding Institution,Awarding Institution,institution,DEGEST,0108,Aston University,HESA,25/26,No Change
Awarding Institution,Awarding Institution,institution,DEGEST,0109,The University of Bath,HESA,25/26,No Change
Awarding Institution,Awarding Institution,institution,DEGEST,0110,The University of Birmingham,HESA,25/26,No Change
Awarding Institution,Awarding Institution,institution,DEGEST,0111,The University of Bradford,HESA,25/26,No Change
Awarding Institution,Awarding Institution,institution,DEGEST,0112,The University of Bristol,HESA,25/26,No Change
Awarding Institution,Awarding Institution,institution,DEGEST,0113,Brunel University London,HESA,25/26,No Change
Awarding Institution,Awarding Institution,institution,DEGEST,0114,The University of Cambridge,HESA,25/26,No Change
Awarding Institution,Awarding Institution,institution,DEGEST,0115,"City, University of London",HESA,25/26,No Change
Awarding Institution,Awarding Institution,institution,DEGEST,0116,University of Durham,HESA,25/26,No Change
Awarding Institution,Awarding Institution,institution,DEGEST,0117,The University of East Anglia,HESA,25/26,No Change
Awarding Institution,Awarding Institution,institution,DEGEST,0118,The University of Essex,HESA,25/26,No Change
Awarding Institution,Awarding Institution,institution,DEGEST,0119,The University of Exeter,HESA,25/26,No Change
Awarding Institution,Awarding Institution,institution,DEGEST,0120,The University of Hull,HESA,25/26,No Change
Awarding Institution,Awarding Institution,institution,DEGEST,0121,Keele University,HESA,25/26,No Change
Awarding Institution,Awarding Institution,institution,DEGEST,0122,The University of Kent,HESA,25/26,No Change
Awarding Institution,Awarding Institution,institution,DEGEST,0123,The University of Lancaster,HESA,25/26,No Change
Awarding Institution,Awarding Institution,institution,DEGEST,0124,The University of Leeds,HESA,25/26,No Change
Awarding Institution,Awarding Institution,institution,DEGEST,0125,The University of Leicester,HESA,25/26,No Change
Awarding Institution,Awarding Institution,institution,DEGEST,0126,The University of Liverpool,HESA,25/26,No Change
Awarding Institution,Awarding Institution,institution,DEGEST,0127,Birkbeck College,HESA,25/26,No Change
Awarding Institution,Awarding Institution,institution,DEGEST,0128,British Postgraduate Medical Federation,HESA,25/26,No Change
Awarding Institution,Awarding Institution,institution,DEGEST,0129,Charing Cross and Westminster Medical School,HESA,25/26,No Change
Awarding Institution,Awarding Institution,institution,DEGEST,0131,Goldsmiths College,HESA,25/26,No Change
Awarding Institution,Awarding Institution,institution,DEGEST,0132,"Imperial College of Science, Technology and Medicine",HESA,25/26,No Change
Awarding Institution,Awarding Institution,institution,DEGEST,0133,Institute of Education,HESA,25/26,No Change
Awarding Institution,Awarding Institution,institution,DEGEST,0134,King's College London,HESA,25/26,No Change
Awarding Institution,Awarding Institution,institution,DEGEST,0135,London Business School,HESA,25/26,No Change
Awarding Institution,Awarding Institution,institution,DEGEST,0136,The London Hospital Medical College,HESA,25/26,No Change
Awarding Institution,Awarding Institution,institution,DEGEST,0137,London School of Economics and Political Science,HESA,25/26,No Change
Awarding Institution,Awarding Institution,institution,DEGEST,0138,London School of Hygiene and Tropical Medicine,HESA,25/26,No Change
Awarding Institution,Awarding Institution,institution,DEGEST,0139,Queen Mary University of London,HESA,25/26,No Change
Awarding Institution,Awarding Institution,institution,DEGEST,0140,Royal Free Hospital School of Medicine,HESA,25/26,No Change
Awarding Institution,Awarding Institution,institution,DEGEST,0141,Royal Holloway and Bedford New College,HESA,25/26,No Change
Awarding Institution,Awarding Institution,institution,DEGEST,0142,Royal Postgraduate Medical School,HESA,25/26,No Change
Awarding Institution,Awarding Institution,institution,DEGEST,0143,The Royal Veterinary College,HESA,25/26,No Change
Awarding Institution,Awarding Institution,institution,DEGEST,0144,St Bartholomew's Hospital Medical College,HESA,25/26,No Change
Awarding Institution,Awarding Institution,institution,DEGEST,0145,"St George's, University of London",HESA,25/26,No Change
Awarding Institution,Awarding Institution,institution,DEGEST,0146,SOAS University of London,HESA,25/26,No Change
Awarding Institution,Awarding Institution,institution,DEGEST,0147,The School of Pharmacy,HESA,25/26,No Change
Awarding Institution,Awarding Institution,institution,DEGEST,0148,"United Medical and Dental Schools, Guy's and St Thomas's Hospitals",HESA,25/26,No Change
Awarding Institution,Awarding Institution,institution,DEGEST,0149,University College London,HESA,25/26,No Change
Awarding Institution,Awarding Institution,institution,DEGEST,0150,Wye College,HESA,25/26,No Change
Awarding Institution,Awarding Institution,institution,DEGEST,0151,University of London (Institutes and activities),HESA,25/26,No Change
Awarding Institution,Awarding Institution,institution,DEGEST,0152,Loughborough University,HESA,25/26,No Change
Awarding Institution,Awarding Institution,institution,DEGEST,0153,University of Manchester,HESA,25/26,No Change
Awarding Institution,Awarding Institution,institution,DEGEST,0154,Newcastle University,HESA,25/26,No Change
Awarding Institution,Awarding Institution,institution,DEGEST,0155,University of Nottingham,HESA,25/26,No Change
Awarding Institution,Awarding Institution,institution,DEGEST,0156,The University of Oxford,HESA,25/26,No Change
Awarding Institution,Awarding Institution,institution,DEGEST,0157,The University of Reading,HESA,25/26,No Change
Awarding Institution,Awarding Institution,institution,DEGEST,0158,The University of Salford,HESA,25/26,No Change
Awarding Institution,Awarding Institution,institution,DEGEST,0159,The University of Sheffield,HESA,25/26,No Change
Awarding Institution,Awarding Institution,institution,DEGEST,0160,The University of Southampton,HESA,25/26,No Change
Awarding Institution,Awarding Institution,institution,DEGEST,0161,The University of Surrey,HESA,25/26,No Change
Awarding Institution,Awarding Institution,institution,DEGEST,0162,The University of Sussex,HESA,25/26,No Change
Awarding Institution,Awarding Institution,institution,DEGEST,0163,The University of Warwick,HESA,25/26,No Change
Awarding Institution,Awarding Institution,institution,DEGEST,0164,The University of York,HESA,25/26,No Change
Awarding Institution,Awarding Institution,institution,DEGEST,0165,The University of Manchester Institute of Science and Technology,HESA,25/26,No Change
Awarding Institution,Awarding Institution,institution,DEGEST,0167,The University of Edinburgh,HESA,25/26,No Change
Awarding Institution,Awarding Institution,institution,DEGEST,0168,The University of Glasgow,HESA,25/26,No Change
Awarding Institution,Awarding Institution,institution,DEGEST,0169,The University of Strathclyde,HESA,25/26,No Change
Awarding Institution,Awarding Institution,institution,DEGEST,0170,The University of Aberdeen,HESA,25/26,No Change
Awarding Institution,Awarding Institution,institution,DEGEST,0171,Heriot-Watt University,HESA,25/26,No Change
Awarding Institution,Awarding Institution,institution,DEGEST,0172,The University of Dundee,HESA,25/26,No Change
Awarding Institution,Awarding Institution,institution,DEGEST,0173,The University of St. Andrews,HESA,25/26,No Change
Awarding Institution,Awarding Institution,institution,DEGEST,0174,The University of Stirling,HESA,25/26,No Change
Awarding Institution,Awarding Institution,institution,DEGEST,0175,SRUC,HESA,25/26,No Change
Awarding Institution,Awarding Institution,institution,DEGEST,0176,University of Wales Trinity Saint David,HESA,25/26,No Change
Awarding Institution,Awarding Institution,institution,DEGEST,0177,Aberystwyth University,HESA,25/26,No Change
Awarding Institution,Awarding Institution,institution,DEGEST,0178,Bangor University,HESA,25/26,No Change
Awarding Institution,Awarding Institution,institution,DEGEST,0179,Cardiff University,HESA,25/26,No Change
Awarding Institution,Awarding Institution,institution,DEGEST,0180,Swansea University,HESA,25/26,No Change
Awarding Institution,Awarding Institution,institution,DEGEST,0181,University of Wales College of Medicine,HESA,25/26,No Change
Awarding Institution,Awarding Institution,institution,DEGEST,0182,Royal Welsh College of Music and Drama,HESA,25/26,No Change
Awarding Institution,Awarding Institution,institution,DEGEST,0184,Queen's University Belfast,HESA,25/26,No Change
Awarding Institution,Awarding Institution,institution,DEGEST,0185,Ulster University,HESA,25/26,No Change
Awarding Institution,Awarding Institution,institution,DEGEST,0186,The University of Wales (central functions),HESA,25/26,No Change
Awarding Institution,Awarding Institution,institution,DEGEST,0187,Westhill College,HESA,25/26,No Change
Awarding Institution,Awarding Institution,institution,DEGEST,0188,The Institute of Cancer Research,HESA,25/26,No Change
Awarding Institution,Awarding Institution,institution,DEGEST,0189,Writtle University College,HESA,25/26,No Change
Awarding Institution,Awarding Institution,institution,DEGEST,0190,Norwich University of the Arts,HESA,25/26,No Change
Awarding Institution,Awarding Institution,institution,DEGEST,0191,Northern School of Contemporary Dance,HESA,25/26,No Change
Awarding Institution,Awarding Institution,institution,DEGEST,0192,Cumbria Institute of the Arts,HESA,25/26,No Change
Awarding Institution,Awarding Institution,institution,DEGEST,0193,Stranmillis University College,HESA,25/26,No Change
Awarding Institution,Awarding Institution,institution,DEGEST,0194,St Mary's University College,HESA,25/26,No Change
Awarding Institution,Awarding Institution,institution,DEGEST,0195,Royal Agricultural University,HESA,25/26,No Change
Awarding Institution,Awarding Institution,institution,DEGEST,0196,University of the Highlands and Islands,HESA,25/26,No Change
Awarding Institution,Awarding Institution,institution,DEGEST,0197,The Arts University Bournemouth,HESA,25/26,No Change
Awarding Institution,Awarding Institution,institution,DEGEST,0198,Bell College,HESA,25/26,No Change
Awarding Institution,Awarding Institution,institution,DEGEST,0199,Conservatoire for Dance and Drama,HESA,25/26,No Change
Awarding Institution,Awarding Institution,institution,DEGEST,0200,University College Birmingham,HESA,25/26,No Change
Awarding Institution,Awarding Institution,institution,DEGEST,0201,Courtauld Institute of Art,HESA,25/26,No Change
Awarding Institution,Awarding Institution,institution,DEGEST,0202,London Metropolitan University,HESA,25/26,No Change
Awarding Institution,Awarding Institution,institution,DEGEST,0203,The University of Buckingham,HESA,25/26,No Change
Awarding Institution,Awarding Institution,institution,DEGEST,0204,The University of Manchester,HESA,25/26,No Change
Awarding Institution,Awarding Institution,institution,DEGEST,0205,Heythrop College,HESA,25/26,No Change
Awarding Institution,Awarding Institution,institution,DEGEST,0206,University for the Creative Arts,HESA,25/26,No Change
Awarding Institution,Awarding Institution,institution,DEGEST,0207,Leeds College of Music,HESA,25/26,No Change
Awarding Institution,Awarding Institution,institution,DEGEST,0208,Guildhall School of Music and Drama,HESA,25/26,No Change
Awarding Institution,Awarding Institution,institution,DEGEST,0209,The Liverpool Institute for Performing Arts,HESA,25/26,No Change
Awarding Institution,Awarding Institution,institution,DEGEST,0210,University of Suffolk,HESA,25/26,No Change
Awarding Institution,Awarding Institution,institution,DEGEST,0211,Leeds Arts University,HESA,25/26,No Change
Awarding Institution,Awarding Institution,institution,DEGEST,0213,AECC University College,HESA,25/26,No Change
Awarding Institution,Awarding Institution,institution,DEGEST,0214,BPP University,HESA,25/26,No Change
Awarding Institution,Awarding Institution,institution,DEGEST,0215,GSM London,HESA,25/26,No Change
Awarding Institution,Awarding Institution,institution,DEGEST,0216,Regent's University London,HESA,25/26,No Change
Awarding Institution,Awarding Institution,institution,DEGEST,0217,The London Institute of Banking & Finance,HESA,25/26,No Change
Awarding Institution,Awarding Institution,institution,DEGEST,0218,The University of Law,HESA,25/26,No Change
Awarding Institution,Awarding Institution,institution,DEGEST,0219,"Richmond, The American International University in London",HESA,25/26,No Change
Awarding Institution,Awarding Institution,institution,DEGEST,0220,Institute of Contemporary Music Performance,HESA,25/26,No Change
Awarding Institution,Awarding Institution,institution,DEGEST,0221,Moorlands College,HESA,25/26,No Change
Awarding Institution,Awarding Institution,institution,DEGEST,0223,Redcliffe College,HESA,25/26,No Change
Awarding Institution,Awarding Institution,institution,DEGEST,0225,Mattersey Hall,HESA,25/26,No Change
Awarding Institution,Awarding Institution,institution,DEGEST,0227,London School of Science and Technology Limited,HESA,25/26,No Change
Awarding Institution,Awarding Institution,institution,DEGEST,0228,Liverpool School of Tropical Medicine,HESA,25/26,No Change
Awarding Institution,Awarding Institution,institution,DEGEST,0229,The National Film and Television School,HESA,25/26,No Change
Awarding Institution,Awarding Institution,institution,DEGEST,0230,Plymouth College of Art,HESA,25/26,No Change
Awarding Institution,Awarding Institution,institution,DEGEST,0231,ABI College Limited,HESA,25/26,No Change
Awarding Institution,Awarding Institution,institution,DEGEST,0232,BIMM University,HESA,25/26,No Change
Awarding Institution,Awarding Institution,institution,DEGEST,0233,West London College,HESA,25/26,No Change
Awarding Institution,Awarding Institution,institution,DEGEST,0234,City of London College,HESA,25/26,No Change
Awarding Institution,Awarding Institution,institution,DEGEST,0235,EThames Graduate School Limited,HESA,25/26,No Change
Awarding Institution,Awarding Institution,institution,DEGEST,0236,ICON College of Technology and Management,HESA,25/26,No Change
Awarding Institution,Awarding Institution,institution,DEGEST,0237,Kensington College of Business,HESA,25/26,No Change
Awarding Institution,Awarding Institution,institution,DEGEST,0238,Bloomsbury Institute,HESA,25/26,No Change
Awarding Institution,Awarding Institution,institution,DEGEST,0239,Mountview Academy of Theatre Arts,HESA,25/26,No Change
Awarding Institution,Awarding Institution,institution,DEGEST,0240,Nazarene Theological College,HESA,25/26,No Change
Awarding Institution,Awarding Institution,institution,DEGEST,0241,Stratford College London Limited,HESA,25/26,No Change
Awarding Institution,Awarding Institution,institution,DEGEST,0242,Tech Music Schools,HESA,25/26,No Change
Awarding Institution,Awarding Institution,institution,DEGEST,0243,The London College UCK,HESA,25/26,No Change
Awarding Institution,Awarding Institution,institution,DEGEST,0244,Arts Educational Schools,HESA,25/26,No Change
Awarding Institution,Awarding Institution,institution,DEGEST,0245,Grafton College,HESA,25/26,No Change
Awarding Institution,Awarding Institution,institution,DEGEST,0246,Mont Rose College of Management and Sciences,HESA,25/26,No Change
Awarding Institution,Awarding Institution,institution,DEGEST,0247,Norland College,HESA,25/26,No Change
Awarding Institution,Awarding Institution,institution,DEGEST,0248,ForMission Ltd,HESA,25/26,No Change
Awarding Institution,Awarding Institution,institution,DEGEST,0249,UK College of Business and Computing,HESA,25/26,No Change
Awarding Institution,Awarding Institution,institution,DEGEST,0250,London Churchill College Ltd,HESA,25/26,No Change
Awarding Institution,Awarding Institution,institution,DEGEST,0251,The Academy of Contemporary Music,HESA,25/26,No Change
Awarding Institution,Awarding Institution,institution,DEGEST,0252,Empire College London Limited,HESA,25/26,No Change
Awarding Institution,Awarding Institution,institution,DEGEST,0253,East End Computing and Business College Limited,HESA,25/26,No Change
Awarding Institution,Awarding Institution,institution,DEGEST,0254,Fairfield School of Business Ltd,HESA,25/26,No Change
Awarding Institution,Awarding Institution,institution,DEGEST,0255,London College of Business Studies,HESA,25/26,No Change
Awarding Institution,Awarding Institution,institution,DEGEST,0256,London School of Management Education,HESA,25/26,No Change
Awarding Institution,Awarding Institution,institution,DEGEST,0257,London School of Theology,HESA,25/26,No Change
Awarding Institution,Awarding Institution,institution,DEGEST,0258,St Mellitus College,HESA,25/26,No Change
Awarding Institution,Awarding Institution,institution,DEGEST,0260,Nelson College London Ltd,HESA,25/26,No Change
Awarding Institution,Awarding Institution,institution,DEGEST,0261,Northern College of Acupuncture,HESA,25/26,No Change
Awarding Institution,Awarding Institution,institution,DEGEST,0262,Pearson College,HESA,25/26,No Change
Awarding Institution,Awarding Institution,institution,DEGEST,0263,Royal Academy of Dance,HESA,25/26,No Change
Awarding Institution,Awarding Institution,institution,DEGEST,0264,Regents Theological College,HESA,25/26,No Change
Awarding Institution,Awarding Institution,institution,DEGEST,0265,SAE Education Limited,HESA,25/26,No Change
Awarding Institution,Awarding Institution,institution,DEGEST,0266,Slough Borough Council,HESA,25/26,No Change
Awarding Institution,Awarding Institution,institution,DEGEST,0267,Tottenham Hotspur Foundation,HESA,25/26,No Change
Awarding Institution,Awarding Institution,institution,DEGEST,0268,Access to Music Limited,HESA,25/26,No Change
Awarding Institution,Awarding Institution,institution,DEGEST,0269,Academy of Live and Recorded Arts,HESA,25/26,No Change
Awarding Institution,Awarding Institution,institution,DEGEST,0270,The College of Integrated Chinese Medicine,HESA,25/26,No Change
Awarding Institution,Awarding Institution,institution,DEGEST,0271,The City College,HESA,25/26,No Change
Awarding Institution,Awarding Institution,institution,DEGEST,0272,Met Film School Limited,HESA,25/26,No Change
Awarding Institution,Awarding Institution,institution,DEGEST,0273,Holborn College Limited,HESA,25/26,No Change
Awarding Institution,Awarding Institution,institution,DEGEST,0274,London Studio Centre,HESA,25/26,No Change
Awarding Institution,Awarding Institution,institution,DEGEST,0275,West London College of Business and Management Sciences Limited,HESA,25/26,No Change
Awarding Institution,Awarding Institution,institution,DEGEST,0276,London School of Academics Ltd,HESA,25/26,No Change
Awarding Institution,Awarding Institution,institution,DEGEST,0277,London Centre of Contemporary Music,HESA,25/26,No Change
Awarding Institution,Awarding Institution,institution,DEGEST,0278,Regent College,HESA,25/26,No Change
Awarding Institution,Awarding Institution,institution,DEGEST,0279,London School of Business and Finance (UK) Limited,HESA,25/26,No Change
Awarding Institution,Awarding Institution,institution,DEGEST,0280,Brit College,HESA,25/26,No Change
Awarding Institution,Awarding Institution,institution,DEGEST,0281,Futureworks,HESA,25/26,No Change
Awarding Institution,Awarding Institution,institution,DEGEST,0282,London Bridge Business Academy,HESA,25/26,No Change
Awarding Institution,Awarding Institution,institution,DEGEST,0283,St Patrick's International College,HESA,25/26,No Change
Awarding Institution,Awarding Institution,institution,DEGEST,0284,Chicken Shed Theatre Company,HESA,25/26,No Change
Awarding Institution,Awarding Institution,institution,DEGEST,0285,All Nations Christian College,HESA,25/26,No Change
Awarding Institution,Awarding Institution,institution,DEGEST,0287,Bristol Baptist College,HESA,25/26,No Change
Awarding Institution,Awarding Institution,institution,DEGEST,0288,The Cambridge Theological Federation,HESA,25/26,No Change
Awarding Institution,Awarding Institution,institution,DEGEST,0291,Christie's Education Limited,HESA,25/26,No Change
Awarding Institution,Awarding Institution,institution,DEGEST,0292,City and Guilds of London Art School,HESA,25/26,No Change
Awarding Institution,Awarding Institution,institution,DEGEST,0293,Cliff College,HESA,25/26,No Change
Awarding Institution,Awarding Institution,institution,DEGEST,0294,University College of Estate Management,HESA,25/26,No Change
Awarding Institution,Awarding Institution,institution,DEGEST,0295,Waverley Abbey College,HESA,25/26,No Change
Awarding Institution,Awarding Institution,institution,DEGEST,0297,ICOM,HESA,25/26,No Change
Awarding Institution,Awarding Institution,institution,DEGEST,0298,The Islamic College,HESA,25/26,No Change
Awarding Institution,Awarding Institution,institution,DEGEST,0299,Istituto Marangoni Limited,HESA,25/26,No Change
Awarding Institution,Awarding Institution,institution,DEGEST,0300,Kaplan Open Learning,HESA,25/26,No Change
Awarding Institution,Awarding Institution,institution,DEGEST,0301,KLC School of Design,HESA,25/26,No Change
Awarding Institution,Awarding Institution,institution,DEGEST,0302,Kogan Academy of Dramatic Arts,HESA,25/26,No Change
Awarding Institution,Awarding Institution,institution,DEGEST,0304,London Film School Limited,HESA,25/26,No Change
Awarding Institution,Awarding Institution,institution,DEGEST,0306,Luther King House Educational Trust,HESA,25/26,No Change
Awarding Institution,Awarding Institution,institution,DEGEST,0307,Open College of the Arts,HESA,25/26,No Change
Awarding Institution,Awarding Institution,institution,DEGEST,0308,Oxford Business College,HESA,25/26,No Change
Awarding Institution,Awarding Institution,institution,DEGEST,0309,Point Blank Music School,HESA,25/26,No Change
Awarding Institution,Awarding Institution,institution,DEGEST,0310,Spurgeon's College,HESA,25/26,No Change
Awarding Institution,Awarding Institution,institution,DEGEST,0311,St Nicholas Montessori Training Limited,HESA,25/26,No Change
Awarding Institution,Awarding Institution,institution,DEGEST,0312,West Dean College,HESA,25/26,No Change
Awarding Institution,Awarding Institution,institution,DEGEST,0313,Oak Hill College,HESA,25/26,No Change
Awarding Institution,Awarding Institution,institution,DEGEST,0314,The Metanoia Institute,HESA,25/26,No Change
Awarding Institution,Awarding Institution,institution,DEGEST,0315,The Queen's Foundation for Ecumenical Theological Education,HESA,25/26,No Change
Awarding Institution,Awarding Institution,institution,DEGEST,0316,The Salvation Army,HESA,25/26,No Change
Awarding Institution,Awarding Institution,institution,DEGEST,0317,Trinity College Bristol,HESA,25/26,No Change
Awarding Institution,Awarding Institution,institution,DEGEST,0319,Nova College of Accounting and Business Ltd,HESA,25/26,No Change
Awarding Institution,Awarding Institution,institution,DEGEST,0320,Matrix College of Counselling and Psychotherapy Ltd,HESA,25/26,No Change
Awarding Institution,Awarding Institution,institution,DEGEST,0321,The Minster Centre,HESA,25/26,No Change
Awarding Institution,Awarding Institution,institution,DEGEST,0322,The Sherwood Institute,HESA,25/26,No Change
Awarding Institution,Awarding Institution,institution,DEGEST,0323,AA School of Architecture,HESA,25/26,No Change
Awarding Institution,Awarding Institution,institution,DEGEST,0324,Ballet West,HESA,25/26,No Change
Awarding Institution,Awarding Institution,institution,DEGEST,0326,Court Theatre Training Company Ltd,HESA,25/26,No Change
Awarding Institution,Awarding Institution,institution,DEGEST,0327,Regents Theological College,HESA,25/26,No Change
Awarding Institution,Awarding Institution,institution,DEGEST,0328,London School of Commerce & IT Limited,HESA,25/26,No Change
Awarding Institution,Awarding Institution,institution,DEGEST,0329,Apex College London,HESA,25/26,No Change
Awarding Institution,Awarding Institution,institution,DEGEST,0330,New College of the Humanities,HESA,25/26,No Change
Awarding Institution,Awarding Institution,institution,DEGEST,0331,The Markfield Institute of Higher Education,HESA,25/26,No Change
Awarding Institution,Awarding Institution,institution,DEGEST,0332,Cambridge Arts and Sciences Limited,HESA,25/26,No Change
Awarding Institution,Awarding Institution,institution,DEGEST,0333,Arden University,HESA,25/26,No Change
Awarding Institution,Awarding Institution,institution,DEGEST,0334,Gr?p Llandrillo Menai,HESA,25/26,No Change
Awarding Institution,Awarding Institution,institution,DEGEST,0335,Gr?p NPTC Group,HESA,25/26,No Change
Awarding Institution,Awarding Institution,institution,DEGEST,0336,Gower College Swansea,HESA,25/26,No Change
Awarding Institution,Awarding Institution,institution,DEGEST,0337,The University College of Osteopathy,HESA,25/26,No Change
Awarding Institution,Awarding Institution,institution,DEGEST,0338,London College of Business Sciences,HESA,25/26,No Change
Awarding Institution,Awarding Institution,institution,DEGEST,0339,Millennium Performing Arts Ltd,HESA,25/26,No Change
Awarding Institution,Awarding Institution,institution,DEGEST,0340,London College of Creative Media Limited,HESA,25/26,No Change
Awarding Institution,Awarding Institution,institution,DEGEST,0341,International Business College Manchester Ltd,HESA,25/26,No Change
Awarding Institution,Awarding Institution,institution,DEGEST,0342,Christ the Redeemer College,HESA,25/26,No Change
Awarding Institution,Awarding Institution,institution,DEGEST,0343,Waltham International College Limited,HESA,25/26,No Change
Awarding Institution,Awarding Institution,institution,DEGEST,0345,Belfast Metropolitan College,HESA,25/26,No Change
Awarding Institution,Awarding Institution,institution,DEGEST,0346,Northern Regional College,HESA,25/26,No Change
Awarding Institution,Awarding Institution,institution,DEGEST,0347,Southern Regional College,HESA,25/26,No Change
Awarding Institution,Awarding Institution,institution,DEGEST,0348,South Eastern Regional College,HESA,25/26,No Change
Awarding Institution,Awarding Institution,institution,DEGEST,0349,North West Regional College,HESA,25/26,No Change
Awarding Institution,Awarding Institution,institution,DEGEST,0350,South West College,HESA,25/26,No Change
Awarding Institution,Awarding Institution,institution,DEGEST,0351,Leeds Conservatoire,HESA,25/26,No Change
Awarding Institution,Awarding Institution,institution,DEGEST,0352,Hartpury University,HESA,25/26,No Change
Awarding Institution,Awarding Institution,institution,DEGEST,0353,Amity Global Education,HESA,25/26,No Change
Awarding Institution,Awarding Institution,institution,DEGEST,0354,The London School of Architecture,HESA,25/26,No Change
Awarding Institution,Awarding Institution,institution,DEGEST,0355,London College of International Business Studies Ltd,HESA,25/26,No Change
Awarding Institution,Awarding Institution,institution,DEGEST,0356,LCCM AU UK Limited,HESA,25/26,No Change
Awarding Institution,Awarding Institution,institution,DEGEST,0357,ACM Guildford Limited,HESA,25/26,No Change
Awarding Institution,Awarding Institution,institution,DEGEST,0358,UK Business College Ltd,HESA,25/26,No Change
Awarding Institution,Awarding Institution,institution,DEGEST,0359,The Film Education Training Trust Limited,HESA,25/26,No Change
Awarding Institution,Awarding Institution,institution,DEGEST,0360,The Institute of Ismaili Studies,HESA,25/26,No Change
Awarding Institution,Awarding Institution,institution,DEGEST,0361,Newbold College,HESA,25/26,No Change
Awarding Institution,Awarding Institution,institution,DEGEST,0362,Le Cordon Bleu Limited,HESA,25/26,No Change
Awarding Institution,Awarding Institution,institution,DEGEST,0363,Global Banking School Limited,HESA,25/26,No Change
Awarding Institution,Awarding Institution,institution,DEGEST,0400,BCNO Limited,HESA,25/26,No Change
Awarding Institution,Awarding Institution,institution,DEGEST,0401,LAMDA Limited,HESA,25/26,No Change
Awarding Institution,Awarding Institution,institution,DEGEST,0402,Royal Academy of Dramatic Art,HESA,25/26,No Change
Awarding Institution,Awarding Institution,institution,DEGEST,0403,Study Group,HESA,25/26,No Change
Awarding Institution,Awarding Institution,institution,DEGEST,0404,Royal School of Needlework (The),HESA,25/26,No Change
Awarding Institution,Awarding Institution,institution,DEGEST,0405,Institute of Art - London Limited,HESA,25/26,No Change
Awarding Institution,Awarding Institution,institution,DEGEST,0406,Hult International Business School Ltd,HESA,25/26,No Change
Awarding Institution,Awarding Institution,institution,DEGEST,0407,The Sherwood Psychotherapy Training Institute Limited,HESA,25/26,No Change
Awarding Institution,Awarding Institution,institution,DEGEST,0408,University Centre Peterborough,HESA,25/26,No Change
Awarding Institution,Awarding Institution,institution,DEGEST,0409,Central Film School London,HESA,25/26,No Change
Awarding Institution,Awarding Institution,institution,DEGEST,0410,ESCP Europe Business School,HESA,25/26,No Change
Awarding Institution,Awarding Institution,institution,DEGEST,0411,Harper and Keele Veterinary School,HESA,25/26,No Change
Awarding Institution,Awarding Institution,institution,DEGEST,0412,The Council of the Inns of Court,HESA,25/26,No Change
Awarding Institution,Awarding Institution,institution,DEGEST,0413,Navitas UK Holdings Limited,HESA,25/26,No Change
Awarding Institution,Awarding Institution,institution,DEGEST,0414,The Prince's Foundation,HESA,25/26,No Change
Awarding Institution,Awarding Institution,institution,DEGEST,0415,Dyson Technical Training Limited,HESA,25/26,No Change
Awarding Institution,Awarding Institution,institution,DEGEST,0416,Results Consortium Limited,HESA,25/26,No Change
Awarding Institution,Awarding Institution,institution,DEGEST,0417,JSA Education Group Ltd.,HESA,25/26,No Change
Awarding Institution,Awarding Institution,institution,DEGEST,0418,University Centre Quayside Limited,HESA,25/26,No Change
Awarding Institution,Awarding Institution,institution,DEGEST,0419,David Game College Ltd,HESA,25/26,No Change
Awarding Institution,Awarding Institution,institution,DEGEST,0420,Dartington Hall Trust (The),HESA,25/26,No Change
Awarding Institution,Awarding Institution,institution,DEGEST,0421,New Model Institute for Technology and Engineering (NMITE),HESA,25/26,No Change
Awarding Institution,Awarding Institution,institution,DEGEST,0422,Kaplan International Colleges U.K. Limited,HESA,25/26,No Change
Awarding Institution,Awarding Institution,institution,DEGEST,0423,INTO University Partnerships Limited,HESA,25/26,No Change
Awarding Institution,Awarding Institution,institution,DEGEST,0424,The College of Osteopaths,HESA,25/26,No Change
Awarding Institution,Awarding Institution,institution,DEGEST,0425,Regent's University London Limited,HESA,25/26,No Change
Awarding Institution,Awarding Institution,institution,DEGEST,0426,Backstage Academy (Training) Ltd,HESA,25/26,No Change
Awarding Institution,Awarding Institution,institution,DEGEST,0427,British Academy of Jewellery Limited,HESA,25/26,No Change
Awarding Institution,Awarding Institution,institution,DEGEST,0428,The London Interdisciplinary School Ltd,HESA,25/26,No Change
Awarding Institution,Awarding Institution,institution,DEGEST,0429,Raindance Educational Services Limited,HESA,25/26,No Change
Awarding Institution,Awarding Institution,institution,DEGEST,0430,The College of Health Ltd,HESA,25/26,No Change
Awarding Institution,Awarding Institution,institution,DEGEST,0431,CEG UFP Limited,HESA,25/26,No Change
Awarding Institution,Awarding Institution,institution,DEGEST,0432,Applied Business Academy Limited,HESA,25/26,No Change
Awarding Institution,Awarding Institution,institution,DEGEST,0433,Tavistock and Portman NHS Foundation Trust,HESA,25/26,No Change
Awarding Institution,Awarding Institution,institution,DEGEST,0434,University Academy 92 Limited,HESA,25/26,No Change
Awarding Institution,Awarding Institution,institution,DEGEST,0435,The Engineering and Design Institute London,HESA,25/26,No Change
Awarding Institution,Awarding Institution,institution,DEGEST,0436,College of Legal Practice Limited,HESA,25/26,No Change
Awarding Institution,Awarding Institution,institution,DEGEST,0437,ThinkSpace Education Limited,HESA,25/26,No Change
Awarding Institution,Awarding Institution,institution,DEGEST,0438,The Ashridge (Bonar Law Memorial) Trust,HESA,25/26,No Change
Awarding Institution,Awarding Institution,institution,DEGEST,0439,Inchbald School of Design Limited,HESA,25/26,No Change
Awarding Institution,Awarding Institution,institution,DEGEST,0440,MLA College Ltd,HESA,25/26,No Change
Awarding Institution,Awarding Institution,institution,DEGEST,0441,Paris Dauphine International,HESA,25/26,No Change
Awarding Institution,Awarding Institution,institution,DEGEST,1001,York College,HESA,25/26,No Change
Awarding Institution,Awarding Institution,institution,DEGEST,1002,Yeovil College,HESA,25/26,No Change
Awarding Institution,Awarding Institution,institution,DEGEST,1003,West Thames College,HESA,25/26,No Change
Awarding Institution,Awarding Institution,institution,DEGEST,1004,Heart of Worcestershire College,HESA,25/26,No Change
Awarding Institution,Awarding Institution,institution,DEGEST,1005,City of Wolverhampton College,HESA,25/26,No Change
Awarding Institution,Awarding Institution,institution,DEGEST,1006,West Nottinghamshire College,HESA,25/26,No Change
Awarding Institution,Awarding Institution,institution,DEGEST,1007,West Kent and Ashford College,HESA,25/26,No Change
Awarding Institution,Awarding Institution,institution,DEGEST,1008,The WKCIC Group,HESA,25/26,No Change
Awarding Institution,Awarding Institution,institution,DEGEST,1009,Wirral Metropolitan College,HESA,25/26,No Change
Awarding Institution,Awarding Institution,institution,DEGEST,1010,The Windsor Forest Colleges Group,HESA,25/26,No Change
Awarding Institution,Awarding Institution,institution,DEGEST,1011,Wiltshire College and University Centre,HESA,25/26,No Change
Awarding Institution,Awarding Institution,institution,DEGEST,1012,West Herts College,HESA,25/26,No Change
Awarding Institution,Awarding Institution,institution,DEGEST,1013,Weymouth College,HESA,25/26,No Change
Awarding Institution,Awarding Institution,institution,DEGEST,1014,Weston College of Further and Higher Education,HESA,25/26,No Change
Awarding Institution,Awarding Institution,institution,DEGEST,1015,Warwickshire College,HESA,25/26,No Change
Awarding Institution,Awarding Institution,institution,DEGEST,1016,Waltham Forest College,HESA,25/26,No Change
Awarding Institution,Awarding Institution,institution,DEGEST,1017,Walsall College,HESA,25/26,No Change
Awarding Institution,Awarding Institution,institution,DEGEST,1018,North Warwickshire and South Leicestershire College,HESA,25/26,No Change
Awarding Institution,Awarding Institution,institution,DEGEST,1019,Wakefield College,HESA,25/26,No Change
Awarding Institution,Awarding Institution,institution,DEGEST,1020,Warrington & Vale Royal College,HESA,25/26,No Change
Awarding Institution,Awarding Institution,institution,DEGEST,1021,United Colleges Group,HESA,25/26,No Change
Awarding Institution,Awarding Institution,institution,DEGEST,1022,Tyne Coast College,HESA,25/26,No Change
Awarding Institution,Awarding Institution,institution,DEGEST,1023,The Trafford College Group,HESA,25/26,No Change
Awarding Institution,Awarding Institution,institution,DEGEST,1024,Northumberland College,HESA,25/26,No Change
Awarding Institution,Awarding Institution,institution,DEGEST,1025,Telford College,HESA,25/26,No Change
Awarding Institution,Awarding Institution,institution,DEGEST,1026,Tameside College,HESA,25/26,No Change
Awarding Institution,Awarding Institution,institution,DEGEST,1027,Swindon College,HESA,25/26,No Change
Awarding Institution,Awarding Institution,institution,DEGEST,1028,Sussex Downs College,HESA,25/26,No Change
Awarding Institution,Awarding Institution,institution,DEGEST,1029,City of Sunderland College,HESA,25/26,No Change
Awarding Institution,Awarding Institution,institution,DEGEST,1030,Stratford-upon-Avon College,HESA,25/26,No Change
Awarding Institution,Awarding Institution,institution,DEGEST,1031,Strode College,HESA,25/26,No Change
Awarding Institution,Awarding Institution,institution,DEGEST,1032,Stephenson College,HESA,25/26,No Change
Awarding Institution,Awarding Institution,institution,DEGEST,1033,St Mary's College,HESA,25/26,No Change
Awarding Institution,Awarding Institution,institution,DEGEST,1034,St Helens College,HESA,25/26,No Change
Awarding Institution,Awarding Institution,institution,DEGEST,1035,South Thames Colleges Group,HESA,25/26,No Change
Awarding Institution,Awarding Institution,institution,DEGEST,1036,Stockport College,HESA,25/26,No Change
Awarding Institution,Awarding Institution,institution,DEGEST,1037,New College Stamford,HESA,25/26,No Change
Awarding Institution,Awarding Institution,institution,DEGEST,1038,Newcastle and Stafford Colleges Group,HESA,25/26,No Change
Awarding Institution,Awarding Institution,institution,DEGEST,1039,Southport College,HESA,25/26,No Change
Awarding Institution,Awarding Institution,institution,DEGEST,1040,Sparsholt College,HESA,25/26,No Change
Awarding Institution,Awarding Institution,institution,DEGEST,1041,Solihull College and University Centre,HESA,25/26,No Change
Awarding Institution,Awarding Institution,institution,DEGEST,1042,Shrewsbury Colleges Group,HESA,25/26,No Change
Awarding Institution,Awarding Institution,institution,DEGEST,1043,The Sheffield College,HESA,25/26,No Change
Awarding Institution,Awarding Institution,institution,DEGEST,1044,Southampton City College,HESA,25/26,No Change
Awarding Institution,Awarding Institution,institution,DEGEST,1045,South Gloucestershire and Stroud College,HESA,25/26,No Change
Awarding Institution,Awarding Institution,institution,DEGEST,1046,South Essex College of Further and Higher Education,HESA,25/26,No Change
Awarding Institution,Awarding Institution,institution,DEGEST,1047,Selby College,HESA,25/26,No Change
Awarding Institution,Awarding Institution,institution,DEGEST,1048,Unified Seevic Palmer's College,HESA,25/26,No Change
Awarding Institution,Awarding Institution,institution,DEGEST,1049,South Devon College,HESA,25/26,No Change
Awarding Institution,Awarding Institution,institution,DEGEST,1050,South & City College Birmingham,HESA,25/26,No Change
Awarding Institution,Awarding Institution,institution,DEGEST,1051,Sandwell College,HESA,25/26,No Change
Awarding Institution,Awarding Institution,institution,DEGEST,1052,Salford City College,HESA,25/26,No Change
Awarding Institution,Awarding Institution,institution,DEGEST,1053,Ruskin College,HESA,25/26,No Change
Awarding Institution,Awarding Institution,institution,DEGEST,1054,Runshaw College,HESA,25/26,No Change
Awarding Institution,Awarding Institution,institution,DEGEST,1055,RNN Group,HESA,25/26,No Change
Awarding Institution,Awarding Institution,institution,DEGEST,1056,Riverside College Halton,HESA,25/26,No Change
Awarding Institution,Awarding Institution,institution,DEGEST,1057,Richard Huish College,HESA,25/26,No Change
Awarding Institution,Awarding Institution,institution,DEGEST,1058,Richmond upon Thames College,HESA,25/26,No Change
Awarding Institution,Awarding Institution,institution,DEGEST,1059,Reaseheath College,HESA,25/26,No Change
Awarding Institution,Awarding Institution,institution,DEGEST,1060,Petroc,HESA,25/26,No Change
Awarding Institution,Awarding Institution,institution,DEGEST,1061,Inspire Education Group,HESA,25/26,No Change
Awarding Institution,Awarding Institution,institution,DEGEST,1062,Preston College,HESA,25/26,No Change
Awarding Institution,Awarding Institution,institution,DEGEST,1063,City College Plymouth,HESA,25/26,No Change
Awarding Institution,Awarding Institution,institution,DEGEST,1064,Plumpton College,HESA,25/26,No Change
Awarding Institution,Awarding Institution,institution,DEGEST,1065,Peter Symonds College,HESA,25/26,No Change
Awarding Institution,Awarding Institution,institution,DEGEST,1066,Truro and Penwith College,HESA,25/26,No Change
Awarding Institution,Awarding Institution,institution,DEGEST,1067,The Oldham College,HESA,25/26,No Change
Awarding Institution,Awarding Institution,institution,DEGEST,1068,Oaklands College,HESA,25/26,No Change
Awarding Institution,Awarding Institution,institution,DEGEST,1069,New College Swindon,HESA,25/26,No Change
Awarding Institution,Awarding Institution,institution,DEGEST,1070,New College Pontefract,HESA,25/26,No Change
Awarding Institution,Awarding Institution,institution,DEGEST,1071,Nottingham College,HESA,25/26,No Change
Awarding Institution,Awarding Institution,institution,DEGEST,1072,City College Norwich,HESA,25/26,No Change
Awarding Institution,Awarding Institution,institution,DEGEST,1073,The Northern School of Art,HESA,25/26,No Change
Awarding Institution,Awarding Institution,institution,DEGEST,1074,Northampton College,HESA,25/26,No Change
Awarding Institution,Awarding Institution,institution,DEGEST,1075,North Kent College,HESA,25/26,No Change
Awarding Institution,Awarding Institution,institution,DEGEST,1076,North Hertfordshire College,HESA,25/26,No Change
Awarding Institution,Awarding Institution,institution,DEGEST,1077,Newham College of Further Education,HESA,25/26,No Change
Awarding Institution,Awarding Institution,institution,DEGEST,1078,NCG,HESA,25/26,No Change
Awarding Institution,Awarding Institution,institution,DEGEST,1079,Newbury College,HESA,25/26,No Change
Awarding Institution,Awarding Institution,institution,DEGEST,1080,North East Surrey College of Technology (NESCOT),HESA,25/26,No Change
Awarding Institution,Awarding Institution,institution,DEGEST,1081,New City College,HESA,25/26,No Change
Awarding Institution,Awarding Institution,institution,DEGEST,1082,New College Durham,HESA,25/26,No Change
Awarding Institution,Awarding Institution,institution,DEGEST,1083,Nelson and Colne College,HESA,25/26,No Change
Awarding Institution,Awarding Institution,institution,DEGEST,1084,Myerscough College,HESA,25/26,No Change
Awarding Institution,Awarding Institution,institution,DEGEST,1085,Moulton College,HESA,25/26,No Change
Awarding Institution,Awarding Institution,institution,DEGEST,1086,Lancaster and Morecambe College,HESA,25/26,No Change
Awarding Institution,Awarding Institution,institution,DEGEST,1087,Mid-Kent College,HESA,25/26,No Change
Awarding Institution,Awarding Institution,institution,DEGEST,1088,Milton Keynes College,HESA,25/26,No Change
Awarding Institution,Awarding Institution,institution,DEGEST,1089,Macclesfield College,HESA,25/26,No Change
Awarding Institution,Awarding Institution,institution,DEGEST,1090,LTE Group,HESA,25/26,No Change
Awarding Institution,Awarding Institution,institution,DEGEST,1091,Loughborough College,HESA,25/26,No Change
Awarding Institution,Awarding Institution,institution,DEGEST,1092,Lincoln College,HESA,25/26,No Change
Awarding Institution,Awarding Institution,institution,DEGEST,1093,Wigan and Leigh College,HESA,25/26,No Change
Awarding Institution,Awarding Institution,institution,DEGEST,1094,Leicester College,HESA,25/26,No Change
Awarding Institution,Awarding Institution,institution,DEGEST,1095,Leeds College of Building,HESA,25/26,No Change
Awarding Institution,Awarding Institution,institution,DEGEST,1096,Leeds City College,HESA,25/26,No Change
Awarding Institution,Awarding Institution,institution,DEGEST,1097,Lakes College West Cumbria,HESA,25/26,No Change
Awarding Institution,Awarding Institution,institution,DEGEST,1098,Kirklees College,HESA,25/26,No Change
Awarding Institution,Awarding Institution,institution,DEGEST,1099,Kingston Maurward College,HESA,25/26,No Change
Awarding Institution,Awarding Institution,institution,DEGEST,1100,Kendal College,HESA,25/26,No Change
Awarding Institution,Awarding Institution,institution,DEGEST,1101,Hull College,HESA,25/26,No Change
Awarding Institution,Awarding Institution,institution,DEGEST,1102,Hugh Baird College,HESA,25/26,No Change
Awarding Institution,Awarding Institution,institution,DEGEST,1103,Highbury College Portsmouth,HESA,25/26,No Change
Awarding Institution,Awarding Institution,institution,DEGEST,1104,Hopwood Hall College,HESA,25/26,No Change
Awarding Institution,Awarding Institution,institution,DEGEST,1105,Holy Cross College,HESA,25/26,No Change
Awarding Institution,Awarding Institution,institution,DEGEST,1106,Richmond and Hillcroft Adult and Community College,HESA,25/26,No Change
Awarding Institution,Awarding Institution,institution,DEGEST,1107,Hertford Regional College,HESA,25/26,No Change
Awarding Institution,Awarding Institution,institution,DEGEST,1108,Hereford College of Arts,HESA,25/26,No Change
Awarding Institution,Awarding Institution,institution,DEGEST,1109,"Herefordshire, Ludlow and North Shropshire College",HESA,25/26,No Change
Awarding Institution,Awarding Institution,institution,DEGEST,1110,HCUC,HESA,25/26,No Change
Awarding Institution,Awarding Institution,institution,DEGEST,1111,Havering College of Further and Higher Education,HESA,25/26,No Change
Awarding Institution,Awarding Institution,institution,DEGEST,1112,Havant and South Downs College,HESA,25/26,No Change
Awarding Institution,Awarding Institution,institution,DEGEST,1113,Hartpury College,HESA,25/26,No Change
Awarding Institution,Awarding Institution,institution,DEGEST,1114,Harlow College,HESA,25/26,No Change
Awarding Institution,Awarding Institution,institution,DEGEST,1115,"Ealing, Hammersmith & West London College",HESA,25/26,No Change
Awarding Institution,Awarding Institution,institution,DEGEST,1116,Halesowen College,HESA,25/26,No Change
Awarding Institution,Awarding Institution,institution,DEGEST,1117,Hadlow College,HESA,25/26,No Change
Awarding Institution,Awarding Institution,institution,DEGEST,1118,Guildford College of Further and Higher Education,HESA,25/26,No Change
Awarding Institution,Awarding Institution,institution,DEGEST,1119,TEC Partnership,HESA,25/26,No Change
Awarding Institution,Awarding Institution,institution,DEGEST,1120,Grantham College,HESA,25/26,No Change
Awarding Institution,Awarding Institution,institution,DEGEST,1121,Gloucestershire College,HESA,25/26,No Change
Awarding Institution,Awarding Institution,institution,DEGEST,1122,Gateshead College,HESA,25/26,No Change
Awarding Institution,Awarding Institution,institution,DEGEST,1123,Furness College,HESA,25/26,No Change
Awarding Institution,Awarding Institution,institution,DEGEST,1124,Farnborough College of Technology,HESA,25/26,No Change
Awarding Institution,Awarding Institution,institution,DEGEST,1125,Fareham College,HESA,25/26,No Change
Awarding Institution,Awarding Institution,institution,DEGEST,1126,Exeter College,HESA,25/26,No Change
Awarding Institution,Awarding Institution,institution,DEGEST,1127,East Sussex College Group,HESA,25/26,No Change
Awarding Institution,Awarding Institution,institution,DEGEST,1128,East Surrey College,HESA,25/26,No Change
Awarding Institution,Awarding Institution,institution,DEGEST,1129,East Riding College,HESA,25/26,No Change
Awarding Institution,Awarding Institution,institution,DEGEST,1130,Eastleigh College,HESA,25/26,No Change
Awarding Institution,Awarding Institution,institution,DEGEST,1131,King Edward VI College Nuneaton,HESA,25/26,No Change
Awarding Institution,Awarding Institution,institution,DEGEST,1132,Dudley College of Technology,HESA,25/26,No Change
Awarding Institution,Awarding Institution,institution,DEGEST,1133,DN Colleges Group,HESA,25/26,No Change
Awarding Institution,Awarding Institution,institution,DEGEST,1134,DCG,HESA,25/26,No Change
Awarding Institution,Awarding Institution,institution,DEGEST,1135,Croydon College,HESA,25/26,No Change
Awarding Institution,Awarding Institution,institution,DEGEST,1136,Cornwall College,HESA,25/26,No Change
Awarding Institution,Awarding Institution,institution,DEGEST,1137,Craven College,HESA,25/26,No Change
Awarding Institution,Awarding Institution,institution,DEGEST,1138,Coventry College,HESA,25/26,No Change
Awarding Institution,Awarding Institution,institution,DEGEST,1139,The City of Liverpool College,HESA,25/26,No Change
Awarding Institution,Awarding Institution,institution,DEGEST,1140,Colchester Institute,HESA,25/26,No Change
Awarding Institution,Awarding Institution,institution,DEGEST,1141,Cirencester College,HESA,25/26,No Change
Awarding Institution,Awarding Institution,institution,DEGEST,1142,Cheshire College South and West,HESA,25/26,No Change
Awarding Institution,Awarding Institution,institution,DEGEST,1143,Chichester College Group,HESA,25/26,No Change
Awarding Institution,Awarding Institution,institution,DEGEST,1144,Chesterfield College,HESA,25/26,No Change
Awarding Institution,Awarding Institution,institution,DEGEST,1145,Kensington and Chelsea College,HESA,25/26,No Change
Awarding Institution,Awarding Institution,institution,DEGEST,1146,Central Bedfordshire College,HESA,25/26,No Change
Awarding Institution,Awarding Institution,institution,DEGEST,1147,Cardinal Newman Catholic Sixth Form College,HESA,25/26,No Change
Awarding Institution,Awarding Institution,institution,DEGEST,1148,Canterbury College,HESA,25/26,No Change
Awarding Institution,Awarding Institution,institution,DEGEST,1149,Cambridge Regional College,HESA,25/26,No Change
Awarding Institution,Awarding Institution,institution,DEGEST,1150,Calderdale College,HESA,25/26,No Change
Awarding Institution,Awarding Institution,institution,DEGEST,1151,Bury College,HESA,25/26,No Change
Awarding Institution,Awarding Institution,institution,DEGEST,1152,Burnley College,HESA,25/26,No Change
Awarding Institution,Awarding Institution,institution,DEGEST,1153,Burton and South Derbyshire College,HESA,25/26,No Change
Awarding Institution,Awarding Institution,institution,DEGEST,1154,BMC (Brooksby Melton College),HESA,25/26,No Change
Awarding Institution,Awarding Institution,institution,DEGEST,1155,Bromley College of Further and Higher Education,HESA,25/26,No Change
Awarding Institution,Awarding Institution,institution,DEGEST,1156,Brooklands College,HESA,25/26,No Change
Awarding Institution,Awarding Institution,institution,DEGEST,1157,Brockenhurst College,HESA,25/26,No Change
Awarding Institution,Awarding Institution,institution,DEGEST,1158,Bridgwater and Taunton College,HESA,25/26,No Change
Awarding Institution,Awarding Institution,institution,DEGEST,1159,City of Bristol College,HESA,25/26,No Change
Awarding Institution,Awarding Institution,institution,DEGEST,1160,Greater Brighton Metropolitan College,HESA,25/26,No Change
Awarding Institution,Awarding Institution,institution,DEGEST,1161,Bradford College,HESA,25/26,No Change
Awarding Institution,Awarding Institution,institution,DEGEST,1162,The Bournemouth and Poole College,HESA,25/26,No Change
Awarding Institution,Awarding Institution,institution,DEGEST,1163,Boston College,HESA,25/26,No Change
Awarding Institution,Awarding Institution,institution,DEGEST,1164,Bolton College,HESA,25/26,No Change
Awarding Institution,Awarding Institution,institution,DEGEST,1165,Blackpool and the Fylde College,HESA,25/26,No Change
Awarding Institution,Awarding Institution,institution,DEGEST,1166,Blackburn College,HESA,25/26,No Change
Awarding Institution,Awarding Institution,institution,DEGEST,1167,Bishop Burton College,HESA,25/26,No Change
Awarding Institution,Awarding Institution,institution,DEGEST,1168,Bishop Auckland College,HESA,25/26,No Change
Awarding Institution,Awarding Institution,institution,DEGEST,1169,Birmingham Metropolitan College,HESA,25/26,No Change
Awarding Institution,Awarding Institution,institution,DEGEST,1170,The Berkshire College of Agriculture (BCA),HESA,25/26,No Change
Awarding Institution,Awarding Institution,institution,DEGEST,1171,Bedford College,HESA,25/26,No Change
Awarding Institution,Awarding Institution,institution,DEGEST,1172,Bath College,HESA,25/26,No Change
Awarding Institution,Awarding Institution,institution,DEGEST,1173,Basingstoke College of Technology,HESA,25/26,No Change
Awarding Institution,Awarding Institution,institution,DEGEST,1174,Barnet & Southgate College,HESA,25/26,No Change
Awarding Institution,Awarding Institution,institution,DEGEST,1175,Barnsley College,HESA,25/26,No Change
Awarding Institution,Awarding Institution,institution,DEGEST,1176,Barnfield College,HESA,25/26,No Change
Awarding Institution,Awarding Institution,institution,DEGEST,1177,Barking and Dagenham College,HESA,25/26,No Change
Awarding Institution,Awarding Institution,institution,DEGEST,1178,Aylesbury College,HESA,25/26,No Change
Awarding Institution,Awarding Institution,institution,DEGEST,1179,Askham Bryan College,HESA,25/26,No Change
Awarding Institution,Awarding Institution,institution,DEGEST,1180,Ashton Sixth Form College,HESA,25/26,No Change
Awarding Institution,Awarding Institution,institution,DEGEST,1181,Activate Learning,HESA,25/26,No Change
Awarding Institution,Awarding Institution,institution,DEGEST,1182,Accrington and Rossendale College,HESA,25/26,No Change
Awarding Institution,Awarding Institution,institution,DEGEST,1183,Abingdon and Witney College,HESA,25/26,No Change
Awarding Institution,Awarding Institution,institution,DEGEST,1184,Hartpury College of Further Education,HESA,25/26,No Change
Awarding Institution,Awarding Institution,institution,DEGEST,1185,Middlesbrough College,HESA,25/26,No Change
Awarding Institution,Awarding Institution,institution,DEGEST,1186,Joseph Chamberlain Sixth Form College,HESA,25/26,No Change
Awarding Institution,Awarding Institution,institution,DEGEST,1187,EKC GROUP,HESA,25/26,No Change
Awarding Institution,Awarding Institution,institution,DEGEST,1188,Bexhill College,HESA,25/26,No Change
Awarding Institution,Awarding Institution,institution,DEGEST,1189,Morley College Limited,HESA,25/26,No Change
Awarding Institution,Awarding Institution,institution,DEGEST,1190,West Suffolk College,HESA,25/26,No Change
Awarding Institution,Awarding Institution,institution,DEGEST,1191,North Shropshire College,HESA,25/26,No Change
Awarding Institution,Awarding Institution,institution,DEGEST,1192,Bracknell and Wokingham College,HESA,25/26,No Change
Awarding Institution,Awarding Institution,institution,DEGEST,1193,Prospects College of Advanced Technology,HESA,25/26,No Change
Awarding Institution,Awarding Institution,institution,DEGEST,1194,Easton and Otley College,HESA,25/26,No Change
Awarding Institution,Awarding Institution,institution,DEGEST,1195,Itchen College,HESA,25/26,No Change
Awarding Institution,Awarding Institution,institution,DEGEST,2001,Institute of Psychiatry (associated with King's College London),HESA,25/26,No Change
Awarding Institution,Awarding Institution,institution,DEGEST,7004,Medway School of Pharmacy,HESA,25/26,No Change
Awarding Institution,Awarding Institution,institution,DEGEST,7005,Hull York Medical School,HESA,25/26,No Change
Awarding Institution,Awarding Institution,institution,DEGEST,7006,Brighton and Sussex Medical School,HESA,25/26,No Change
Awarding Institution,Awarding Institution,institution,DEGEST,7007,University of London Institute in Paris,HESA,25/26,No Change
Awarding Institution,Awarding Institution,institution,DEGEST,7008,Peninsula College of Medicine and Dentistry,HESA,25/26,No Change
Awarding Institution,Awarding Institution,institution,DEGEST,7009,European School of Osteopathy,HESA,25/26,No Change
Awarding Institution,Awarding Institution,institution,DEGEST,9065,Council for National Academic Awards,HESA,25/26,No Change
Awarding Institution,Awarding Institution,institution,DEGEST,0001,The Open University,HESA,25/26,No Change
Awarding Institution,Awarding Institution,institution,DEGEST,0002,Cranfield University,HESA,25/26,No Change
Awarding Institution,Awarding Institution,institution,DEGEST,0003,Royal College of Art,HESA,25/26,No Change
Awarding Institution,Awarding Institution,institution,DEGEST,0004,The College of Guidance Studies,HESA,25/26,No Change
Awarding Institution,Awarding Institution,institution,DEGEST,0006,The Royal College of Nursing,HESA,25/26,No Change
Awarding Institution,Awarding Institution,institution,DEGEST,0007,Bishop Grosseteste University,HESA,25/26,No Change
Awarding Institution,Awarding Institution,institution,DEGEST,0008,Bretton Hall College of HE,HESA,25/26,No Change
Awarding Institution,Awarding Institution,institution,DEGEST,0009,Buckinghamshire New University,HESA,25/26,No Change
Awarding Institution,Awarding Institution,institution,DEGEST,0010,The Royal Central School of Speech and Drama,HESA,25/26,No Change
Awarding Institution,Awarding Institution,institution,DEGEST,0011,University of Chester,HESA,25/26,No Change
Awarding Institution,Awarding Institution,institution,DEGEST,0012,Canterbury Christ Church University,HESA,25/26,No Change
Awarding Institution,Awarding Institution,institution,DEGEST,0013,York St John University,HESA,25/26,No Change
Awarding Institution,Awarding Institution,institution,DEGEST,0014,University of St Mark and St John,HESA,25/26,No Change
Awarding Institution,Awarding Institution,institution,DEGEST,0015,Dartington College of Arts,HESA,25/26,No Change
Awarding Institution,Awarding Institution,institution,DEGEST,0016,Edge Hill University,HESA,25/26,No Change
Awarding Institution,Awarding Institution,institution,DEGEST,0017,Falmouth University,HESA,25/26,No Change
Awarding Institution,Awarding Institution,institution,DEGEST,0018,Harper Adams University,HESA,25/26,No Change
